timestamp,finger_material,padding,goal_current_raw,goal_current_ma,repeat,slip_detected,detection_time_s,baseline_current_raw,baseline_current_ma,slip_current_raw,slip_current_ma,drop_raw,drop_percent,position_at_slip_ticks,position_shift_ticks,watch_duration_s,samples
2026-08-08T11:37:10,PETG,No padding,100,269.0,1,1,0.4321,99.0,266.31,9,24.21,90.0,90.9,4294967254,4294966581,0.464,30
2026-08-08T11:38:33,PETG,No padding,100,269.0,2,1,4.5282,99.0,266.31,18,48.42,81.0,81.8,4294967253,4294966573,4.56,285
2026-08-08T11:39:02,PETG,No padding,100,269.0,3,1,1.984,99.0,266.31,49,131.81,50.0,50.5,4294967254,4294966569,2.016,126
2026-08-08T11:39:33,PETG,No padding,105,282.45,1,1,0.6238,104.0,279.76,66,177.54,38.0,36.5,4294967254,4294966583,0.655,42
2026-08-08T11:40:10,PETG,No padding,105,282.45,2,1,1.8396,104.0,279.76,38,102.22,66.0,63.5,4294967256,4294966587,1.872,117
2026-08-08T11:40:18,PETG,No padding,105,282.45,3,1,1.1997,104.0,279.76,32,86.08,72.0,69.2,4294967255,4294966591,1.232,77
2026-08-08T11:40:25,PETG,No padding,110,295.9,1,1,1.3441,109.0,293.21,31,83.39,78.0,71.6,4294967255,4294966572,1.376,87
2026-08-08T11:40:34,PETG,No padding,110,295.9,2,1,1.3119,110.0,295.9,64,172.16,46.0,41.8,4294967253,4294966614,1.344,85
2026-08-08T11:40:44,PETG,No padding,110,295.9,3,1,3.3756,109.0,293.21,7,18.83,102.0,93.6,4294967255,4294966611,3.408,211
2026-08-08T11:40:54,PETG,No padding,115,309.35,1,1,1.4739,114.0,306.66,69,185.61,45.0,39.5,4294967254,4294966602,1.504,94
2026-08-08T11:41:02,PETG,No padding,115,309.35,2,1,1.6961,114.0,306.66,38,102.22,76.0,66.7,4294967254,4294966616,1.729,109
2026-08-08T11:41:11,PETG,No padding,115,309.35,3,1,1.472,115.0,309.35,31,83.39,84.0,73.0,4294967255,4294966612,1.504,95
2026-08-08T11:41:20,PETG,No padding,120,322.8,1,1,1.2665,119.0,320.11,40,107.6,79.0,66.4,4294967256,4294966585,1.296,82
2026-08-08T11:41:28,PETG,No padding,120,322.8,2,1,1.5037,119.0,320.11,18,48.42,101.0,84.9,4294967253,4294966595,1.536,97
2026-08-08T11:41:36,PETG,No padding,120,322.8,3,1,1.3279,120.0,322.8,57,153.33,63.0,52.5,4294967256,4294966604,1.36,86
2026-08-08T11:50:14,PETG,Rubber band,100,269.0,1,1,2.2408,99.0,266.31,47,126.43,52.0,52.5,4294967257,4294966616,2.272,143
2026-08-08T11:51:02,PETG,Rubber band,100,269.0,2,1,5.9839,99.0,266.31,44,118.36,55.0,55.6,4294967254,4294966571,6.016,375
2026-08-08T11:55:00,PETG,Rubber band,100,269.0,3,1,1.2312,99.0,266.31,41,110.29,58.0,58.6,4294967264,4294966599,1.263,80
2026-08-08T11:55:07,PETG,Rubber band,105,282.45,1,1,1.1682,104.0,279.76,32,86.08,72.0,69.2,4294967264,4294966605,1.2,75
2026-08-08T11:55:13,PETG,Rubber band,105,282.45,2,1,1.36,104.0,279.76,55,147.95,49.0,47.1,4294967264,4294966588,1.392,88
2026-08-08T11:55:22,PETG,Rubber band,105,282.45,3,1,1.0072,104.0,279.76,60,161.4,44.0,42.3,4294967264,4294966636,1.04,66
2026-08-08T11:55:31,PETG,Rubber band,110,295.9,1,1,1.9673,109.0,293.21,54,145.26,55.0,50.5,4294967264,4294966618,1.999,126
2026-08-08T11:55:39,PETG,Rubber band,110,295.9,2,1,1.5519,109.0,293.21,29,78.01,80.0,73.4,4294967263,4294966590,1.584,100
2026-08-08T11:55:49,PETG,Rubber band,110,295.9,3,1,1.8876,109.0,293.21,26,69.94,83.0,76.1,4294967266,4294966591,1.919,121
2026-08-08T11:55:57,PETG,Rubber band,115,309.35,1,1,1.6641,115.0,309.35,73,196.37,42.0,36.5,4294967282,4294966608,1.696,107
2026-08-08T11:56:05,PETG,Rubber band,115,309.35,2,1,1.8394,115.0,309.35,74,199.06,41.0,35.7,0,-673,1.872,118
2026-08-08T11:56:13,PETG,Rubber band,115,309.35,3,1,1.7919,114.0,306.66,73,196.37,41.0,36.0,4294967277,4294966619,1.824,115
2026-08-08T11:56:21,PETG,Rubber band,120,322.8,1,1,1.2476,120.0,322.8,76,204.44,44.0,36.7,116,-553,1.28,81
2026-08-08T11:56:41,PETG,Rubber band,120,322.8,2,1,0.4808,120.0,322.8,75,201.75,45.0,37.5,114,-520,0.512,33
2026-08-08T11:56:49,PETG,Rubber band,120,322.8,3,1,2.617,119.0,320.11,76,204.44,43.0,36.1,118,-537,2.656,166
2026-08-08T12:04:59,PLA,No padding,100,269.0,1,1,1.2638,100.0,269.0,2,5.38,98.0,98.0,4294967133,4294966573,1.296,82
2026-08-08T12:05:06,PLA,No padding,100,269.0,2,1,0.8317,99.5,267.65,34,91.46,65.5,65.8,4294967136,4294966549,0.863,55
2026-08-08T12:05:14,PLA,No padding,100,269.0,3,1,1.1682,99.0,266.31,17,45.73,82.0,82.8,4294967134,4294966552,1.2,76
2026-08-08T12:05:20,PLA,No padding,105,282.45,1,1,1.0392,104.5,281.11,61,164.09,43.5,41.6,4294967135,4294966540,1.071,67
2026-08-08T12:05:28,PLA,No padding,105,282.45,2,1,1.1524,104.0,279.76,20,53.8,84.0,80.8,4294967134,4294966540,1.185,75
2026-08-08T12:05:34,PLA,No padding,105,282.45,3,1,0.9606,104.0,279.76,26,69.94,78.0,75.0,4294967135,4294966542,0.992,63
2026-08-08T12:05:41,PLA,No padding,110,295.9,1,1,0.9122,109.5,294.56,69,185.61,40.5,37.0,3,-592,0.944,59
2026-08-08T12:05:48,PLA,No padding,110,295.9,2,1,1.1362,109.0,293.21,69,185.61,40.0,36.7,4294967269,4294966686,1.168,74
2026-08-08T12:05:55,PLA,No padding,110,295.9,3,1,1.1037,110.0,295.9,70,188.3,40.0,36.4,4294967294,4294966732,1.136,72
2026-08-08T12:06:02,PLA,No padding,115,309.35,1,1,0.832,114.0,306.66,74,199.06,40.0,35.1,68,-492,0.864,54
2026-08-08T12:06:10,PLA,No padding,115,309.35,2,1,0.8642,114.0,306.66,70,188.3,44.0,38.6,4294967294,4294966749,0.896,57
2026-08-08T12:06:18,PLA,No padding,115,309.35,3,1,1.5373,114.0,306.66,73,196.37,41.0,36.0,47,-504,1.568,99
2026-08-08T12:06:26,PLA,No padding,120,322.8,1,1,1.184,119.0,320.11,72,193.68,47.0,39.5,83,-450,1.216,77
2026-08-08T12:06:33,PLA,No padding,120,322.8,2,1,1.696,119.5,321.45,70,188.3,49.5,41.4,72,-480,1.728,109
2026-08-08T12:06:42,PLA,No padding,120,322.8,3,1,1.7436,120.0,322.8,73,196.37,47.0,39.2,58,-485,1.776,112
2026-08-08T13:19:04,PLA,Rubber band,100,269.0,1,1,1.3596,99.0,266.31,18,48.42,81.0,81.8,4294967132,4294966567,1.392,88
2026-08-08T13:19:10,PLA,Rubber band,100,269.0,2,1,1.391,99.5,267.65,2,5.38,97.5,98.0,4294967132,4294966555,1.423,90
2026-08-08T13:19:17,PLA,Rubber band,100,269.0,3,1,1.1363,99.0,266.31,42,112.98,57.0,57.6,4294967132,4294966550,1.168,74
2026-08-08T13:19:24,PLA,Rubber band,105,282.45,1,1,1.5192,104.0,279.76,66,177.54,38.0,36.5,4294967132,4294966550,1.551,98
2026-08-08T13:19:30,PLA,Rubber band,105,282.45,2,1,0.2239,104.0,279.76,35,94.15,69.0,66.3,4294967134,4294966531,0.256,17
2026-08-08T13:19:38,PLA,Rubber band,105,282.45,3,1,1.4402,104.0,279.76,5,13.45,99.0,95.2,4294967132,4294966526,1.472,93
2026-08-08T13:19:44,PLA,Rubber band,110,295.9,1,1,1.108,109.0,293.21,25,67.25,84.0,77.1,4294967132,4294966529,1.136,72
2026-08-08T13:19:52,PLA,Rubber band,110,295.9,2,1,1.2315,109.0,293.21,18,48.42,91.0,83.5,4294967132,4294966565,1.264,80
2026-08-08T13:19:58,PLA,Rubber band,110,295.9,3,1,1.4401,109.0,293.21,17,45.73,92.0,84.4,4294967133,4294966541,1.472,93
2026-08-08T13:20:06,PLA,Rubber band,115,309.35,1,1,1.2641,115.0,309.35,69,185.61,46.0,40.0,95,-468,1.296,82
2026-08-08T13:20:12,PLA,Rubber band,115,309.35,2,1,1.1677,115.0,309.35,69,185.61,46.0,40.0,123,-461,1.2,76
2026-08-08T13:20:19,PLA,Rubber band,115,309.35,3,1,0.8353,114.0,306.66,71,190.99,43.0,37.7,152,-418,0.867,55
2026-08-08T13:20:26,PLA,Rubber band,120,322.8,1,1,1.3114,119.0,320.11,72,193.68,47.0,39.5,157,-405,1.344,85
2026-08-08T13:20:33,PLA,Rubber band,120,322.8,2,1,1.3916,119.0,320.11,68,182.92,51.0,42.9,112,-446,1.424,90
2026-08-08T13:20:43,PLA,Rubber band,120,322.8,3,1,2.4795,120.0,322.8,68,182.92,52.0,43.3,110,-454,2.511,158
2026-08-08T13:58:23,TPU,Rubber band,100,269.0,1,1,0.9915,99.0,266.31,47,126.43,52.0,52.5,4294967200,4294966726,1.023,65
2026-08-08T13:59:08,TPU,Rubber band,100,269.0,2,1,1.0245,99.0,266.31,53,142.57,46.0,46.5,4294967203,4294966694,1.056,66
2026-08-08T13:59:59,TPU,Rubber band,100,269.0,3,1,1.2317,99.5,267.65,8,21.52,91.5,92.0,4294967200,4294966509,1.264,80
2026-08-08T14:00:32,TPU,Rubber band,105,282.45,1,1,1.808,104.0,279.76,11,29.59,93.0,89.4,4294967200,4294966633,1.84,116
2026-08-08T14:00:39,TPU,Rubber band,105,282.45,2,1,1.5356,104.5,281.11,17,45.73,87.5,83.7,4294967200,4294966548,1.568,99
2026-08-08T14:00:47,TPU,Rubber band,105,282.45,3,1,1.0423,104.0,279.76,62,166.78,42.0,40.4,4294967201,4294966574,1.072,68
2026-08-08T14:00:54,TPU,Rubber band,110,295.9,1,1,1.0078,109.0,293.21,19,51.11,90.0,82.6,4294967200,4294966533,1.04,66
2026-08-08T14:01:01,TPU,Rubber band,110,295.9,2,1,1.5036,109.0,293.21,36,96.84,73.0,67.0,4294967201,4294966514,1.536,97
2026-08-08T14:01:07,TPU,Rubber band,110,295.9,3,1,1.0719,109.0,293.21,21,56.49,88.0,80.7,4294967200,4294966482,1.104,68
2026-08-08T14:01:31,TPU,Rubber band,115,309.35,1,1,0.8002,114.0,306.66,14,37.66,100.0,87.7,4294967200,4294966593,0.831,53
2026-08-08T14:02:07,TPU,Rubber band,115,309.35,2,1,0.9436,114.0,306.66,72,193.68,42.0,36.8,4294967202,4294966549,0.976,62
2026-08-08T14:02:14,TPU,Rubber band,115,309.35,3,1,0.9593,114.0,306.66,57,153.33,57.0,50.0,4294967201,4294966489,0.991,63
2026-08-08T14:02:25,TPU,Rubber band,120,322.8,1,1,0.9276,119.0,320.11,24,64.56,95.0,79.8,4294967201,4294966497,0.959,61
2026-08-08T14:02:31,TPU,Rubber band,120,322.8,2,1,0.8809,120.0,322.8,40,107.6,80.0,66.7,4294967202,4294966457,0.912,58
2026-08-08T14:02:38,TPU,Rubber band,120,322.8,3,1,1.1353,119.0,320.11,35,94.15,84.0,70.6,4294967200,4294966475,1.168,74
2026-08-08T14:03:48,TPU,No padding,100,269.0,1,1,0.4155,99.0,266.31,55,147.95,44.0,44.4,4294967170,4294966468,0.447,29
2026-08-08T14:04:08,TPU,No padding,100,269.0,2,1,0.7521,99.0,266.31,59,158.71,40.0,40.4,4294967172,4294966433,0.784,50
2026-08-08T14:04:15,TPU,No padding,100,269.0,3,1,1.3117,99.0,266.31,34,91.46,65.0,65.7,4294967171,4294966433,1.344,85
2026-08-08T14:04:21,TPU,No padding,105,282.45,1,1,0.304,104.0,279.76,61,164.09,43.0,41.3,4294967169,4294966461,0.336,22
2026-08-08T14:04:27,TPU,No padding,105,282.45,2,1,0.368,104.0,279.76,48,129.12,56.0,53.8,4294967171,4294966455,0.4,26
2026-08-08T14:04:34,TPU,No padding,105,282.45,3,1,0.2719,104.0,279.76,39,104.91,65.0,62.5,4294967170,4294966782,0.304,20
2026-08-08T14:04:41,TPU,No padding,110,295.9,1,1,0.3079,109.0,293.21,63,169.47,46.0,42.2,4294967173,4294966812,0.336,22
2026-08-08T14:04:47,TPU,No padding,110,295.9,2,1,0.3358,110.0,295.9,51,137.19,59.0,53.6,4294967171,4294966831,0.368,24
2026-08-08T14:05:08,TPU,No padding,110,295.9,3,1,0.4799,109.5,294.56,28,75.32,81.5,74.4,4294967170,4294966767,0.512,33
2026-08-08T14:05:14,TPU,No padding,115,309.35,1,1,0.6554,114.0,306.66,70,188.3,44.0,38.6,4294967170,4294966562,0.688,44
2026-08-08T14:05:21,TPU,No padding,115,309.35,2,1,0.4317,114.0,306.66,6,16.14,108.0,94.7,4294967170,4294966622,0.464,30
2026-08-08T14:05:28,TPU,No padding,115,309.35,3,1,0.6076,114.0,306.66,42,112.98,72.0,63.2,4294967171,4294966614,0.64,41
2026-08-08T14:06:25,TPU,No padding,120,322.8,1,1,0.416,119.0,320.11,66,177.54,53.0,44.5,4294967172,4294966558,0.448,29
2026-08-08T14:06:31,TPU,No padding,120,322.8,2,1,0.5115,119.0,320.11,36,96.84,83.0,69.7,4294967171,4294966522,0.543,35
2026-08-08T14:07:13,TPU,No padding,120,322.8,3,1,0.6558,119.0,320.11,77,207.13,42.0,35.3,250,-452,0.688,44
